{"cameraMode":{"drawMode":0,"name":"Shaded","section":"Shading Mode"},"sceneLighting":false,"audioPlay":false,"sceneViewState":{"m_AlwaysRefresh":false,"showFog":true,"showSkybox":false,"showFlares":true,"showImageEffects":true,"showParticleSystems":true,"showVisualEffectGraphs":true,"m_FxEnabled":true},"in2DMode":false,"pivot":{"x":-0.24062871932983399,"y":-1.1298936605453492,"z":8.454451560974121},"rotation":{"x":-0.12211990356445313,"y":-0.26805710792541506,"z":-0.03432666137814522,"w":0.9550544023513794},"size":0.8660253882408142,"orthographic":false}