{"cameraMode":{"drawMode":0,"name":"Shaded","section":"Shading Mode"},"sceneLighting":false,"audioPlay":false,"sceneViewState":{"m_AlwaysRefresh":false,"showFog":true,"showSkybox":false,"showFlares":true,"showImageEffects":true,"showParticleSystems":true,"showVisualEffectGraphs":true,"m_FxEnabled":true},"in2DMode":false,"pivot":{"x":-0.7905797958374023,"y":1.3723852634429932,"z":-0.20989029109477998},"rotation":{"x":-0.23354603350162507,"y":-0.6617598533630371,"z":0.2291562408208847,"w":-0.6746463179588318},"size":2.6933391094207765,"orthographic":false}